id,first_name,last_name,email,city,state,country
1,Gibbie,Luckwell,gluckwell@dhs.gov,Shawnee Mission,Kansas,United States
2,Benton,Stark,bstark1@storify.com,San Diego,California,United States
3,Bren,Monkman,bmonkman2@t-online.de,Arlington,Texas,United States
4,Lynde,Assur,lassur3@who.int,Charlottesville,Virginia,United States
5,Janka,Huey,jhuey4@arstechnica.com,Grand Rapids,Michigan,United States
6,Joeahn,Kyneton,jkyneton5@boston.com,Escondido,California,United States
7,Tyrone,Surgood,tsurgood6@earthlink.net,Colorado Springs,Colorado,United States
8,Ashby,Woolhouse,awoolhouse7@vistaprint.com,Wilmington,North Carolina,United States
9,Zacharie,Teacy,zteacy8@yahoo.com,Fresno,California,United States
10,Joya,Petts,jpetts9@plala.or.jp,Sacramento,California,United States
11,Tristan,Summerfield,tsummerfielda@lexa.com,Greeley,Colorado,United States
12,Dacia,Bedell,dbedell@bbc.co.uk,Providence,Rhode Island,United States
13,Enid,Windus,ewindus@google.co.uk,Idaho Falls,Idaho,United States
14,Dorice,Eakin,deakin@java.com,Omaha,Nebraska,United States
15,Candra,Trownson,ctrownson@ftc.gov,Richmond,Virginia,United States
16,Consolata,Graben,cgraben@usda.gov,San Diego,California,United States
17,Kipp,Murrthum,kmurrthum@gov.uk,Salt Lake City,Utah,United States
18,Shepperd,Grindle,sgrindle@wiley.com,Orlando,Florida,United States
19,Ia,Broschek,mbroschek@instagram.com,Sterling,Virginia,United States
20,Whitman,Caddan,wcaddan@wadsworth.com,Los Angeles,California,United States
21,Dennison,Kleinbaum,dkleinbaum@carle.com,Carol Stream,Illinois,United States
22,Barney,Cannavan,bcannavan@pcworld.com,Northridge,California,United States